Workbook

Sheet 0_進め方
A1: 学習WBS（受講者版）— 受注形態の横断比較（講義）
A2: SAP S/4HANA 業務実践トレーニング / 記入式の進捗管理ワークブック（サイト版と同期）
A3: 本ワークブックの使い方 | B3: 本站は実機の手顺ではなく「比較と判断」の講義教材です。WBS は各ページの見出し単位で並んでいます。読むだけでなく、各項目を「自分の言葉で説明できるか」で判定してください（説明できない項目は △ か ×）。
A4: 目安時間 | B4: 講義 90 分（速習）〜 180 分（デモ付き）。4〜5 時間版は sapmto と sapeto の実機を挟みます。
A5: 到達点 | B5: 5 形態を「計画起点・库存区分・成本対象・請求方式」で言い分けられること、そして E と Q の 4 点セットを暗唱できること。
A7: 凡例 | B7: ○ ＝ できた（完成基準を満たした）／△ ＝ 一部できた（要確認）／× ＝ できなかった。「2_進捗サマリ」にフェーズ別の完了率が自動計算されます。

Sheet 1_学習WBS
A1: 学習WBS — 受注形態の横断比較（講義）（上から順に実施）
A2: # | B2: フェーズ | C2: タスク | D2: 参照ページ | E2: 完成基準（ここを満たしたら ○） | F2: 目安(分) | G2: 実施日 | H2: 自己判定 | I2: メモ
A3: 1 | B3: A 総覧 | C3: 5 形態を 1 行ずつ説明できる | D3: index.html | E3: MTS / MTO / ETO / ATO / VC を、計画起点と库存区分で説明できる | F3: 10
A4: 2 | B4: A 総覧 | C4: 選型判断の 3 つの問いを使える | D4: index.html | E4: ①受注の前に作るか ②案件単位で原価・収益を管理するか ③顧客が仕様を選ぶか、の順で形態を絞れる | F4: 10
A5: 3 | B5: A 総覧 | C5: 両实训站との関係を説明できる | D5: index.html | E5: 本サイトで判断し、実機は ../sapmto/（E）と ../sapeto/（Q）で通す、という役割分担を説明できる | F5: 10
A6: 4 | B6: B 横断比較 | C6: 9 维度 × 5 形態マトリクスを上から読める | D6: compare.html | E6: 計画起点 → 库存区分 → 需要の単位 → 調達/製造 → 成本の対象 → 請求方式 → 収益認識 の因果を、1 本の線で説明できる | F6: 15
A7: 5 | B7: B 横断比較 | C7: 戦略グループ早見表を使える | D7: compare.html | E7: 10 / 20 / 25 / 82 / E2 と、所要量タイプ（KE / KEK / KMFA / E21）・所要量クラス（040 系 / 046 / 201）を対応付けられる | F7: 15
A8: 6 | B8: B 横断比較 | C8: 在庫テーブル早見表を使える | D8: compare.html | E8: MARD（自由）/ MSKA（E）/ MSPR（Q）/ MSKU（預託）を即答できる | F8: 15
A9: 7 | B9: B 横断比較 | C9: 明細カテゴリグループの用途を言える | D9: compare.html | E9: 0001 / 0002 / 0004 / ERLA / DIEN を、業務との結び付きで説明できる | F9: 15
A10: 8 | B10: B 横断比較 | C10: E と Q の 4 点セットを暗唱できる | D10: compare.html | E10: E: MRP4 個別所要量・所要量クラス・明細カテゴリの特別在庫 E・戦略グループ / Q: 評価付プロジェクト在庫・MRP4 個別所要量・戦略グループ（評価区分 M）・受注明細の WBS | F10: 15
A11: 9 | B11: B 横断比較 | C11: 設定を取り違えたときの症状を言える | D11: compare.html | E11: 明細カテゴリの設定ミス / 評価付フラグ漏れ / 戦略グループの不一致 の 3 症状を、確認手顺付きで説明できる | F11: 15
A12: 10 | B12: C E vs Q 対照実習 | C12: STEP 対照表（0〜12）を通読した | D12: scenario-eq.html | E12: 計画手配・101 の入庫先・月末処理・帳票の 4 点で差が出る、と自分の言葉でまとめた | F12: 15
A13: 11 | B13: C E vs Q 対照実習 | C13: 一致点を 6 つ挙げられる | D13: scenario-eq.html | E13: 操作系（VA01 / MD04 / VL01N / VF01 / 261・101・601）はほぼ同一、と説明できる | F13: 15
A14: 12 | B14: C E vs Q 対照実習 | C14: 判別演習 8 問を解いた | D14: scenario-eq.html | E14: 解答と根拠（なぜそう判断したか）を講師の前で言えた | F14: 15
... A21: 19 | B21: J テスト | C21: 修了チェック（到達点）を通す | D21: quiz.html | E21: 修了チェックリストの全項目にチェックが付いた | F21: 30

Sheet 2_進捗サマリ
A1: 進捗サマリ（1_学習WBS の自己判定から自動集計）
A2: フェーズ | B2: タスク数 | C2: ○ | D2: △ | E2: × | F2: 完了率
A3: A 総覧 | B3: =COUNTIF('1_学習WBS'!$B$3:$B$21,$A3) | C3: =COUNTIFS('1_学習WBS'!$B$3:$B$21,$A3,'1_学習WBS'!$H$3:$H$21,"○") | D3: =COUNTIFS('1_学習WBS'!$B$3:$B$21,$A3,'1_学習WBS'!$H$3:$H$21,"△") | E3: =COUNTIFS('1_学習WBS'!$B$3:$B$21,$A3,'1_学習WBS'!$H$3:$H$21,"×") | F3: =IF(B3=0,"",ROUND(C3/B3*100,0)&" %")
A4: B 横断比較 | B4: =COUNTIF('1_学習WBS'!$B$3:$B$21,$A4) | C4: =COUNTIFS('1_学習WBS'!$B$3:$B$21,$A4,'1_学習WBS'!$H$3:$H$21,"○") | D4: =COUNTIFS('1_学習WBS'!$B$3:$B$21,$A4,'1_学習WBS'!$H$3:$H$21,"△") | E4: =COUNTIFS('1_学習WBS'!$B$3:$B$21,$A4,'1_学習WBS'!$H$3:$H$21,"×") | F4: =IF(B4=0,"",ROUND(C4/B4*100,0)&" %")
A5: C E vs Q 対照実習 | B5: =COUNTIF('1_学習WBS'!$B$3:$B$21,$A5) | C5: =COUNTIFS('1_学習WBS'!$B$3:$B$21,$A5,'1_学習WBS'!$H$3:$H$21,"○") | D5: =COUNTIFS('1_学習WBS'!$B$3:$B$21,$A5,'1_学習WBS'!$H$3:$H$21,"△") | E5: =COUNTIFS('1_学習WBS'!$B$3:$B$21,$A5,'1_学習WBS'!$H$3:$H$21,"×") | F5: =IF(B5=0,"",ROUND(C5/B5*100,0)&" %")
A6: D VC 概観 | B6: =COUNTIF('1_学習WBS'!$B$3:$B$21,$A6) | C6: =COUNTIFS('1_学習WBS'!$B$3:$B$21,$A6,'1_学習WBS'!$H$3:$H$21,"○") | D6: =COUNTIFS('1_学習WBS'!$B$3:$B$21,$A6,'1_学習WBS'!$H$3:$H$21,"△") | E6: =COUNTIFS('1_学習WBS'!$B$3:$B$21,$A6,'1_学習WBS'!$H$3:$H$21,"×") | F6: =IF(B6=0,"",ROUND(C6/B6*100,0)&" %")
A7: I 受講者版 | B7: =COUNTIF('1_学習WBS'!$B$3:$B$21,$A7) | C7: =COUNTIFS('1_学習WBS'!$B$3:$B$21,$A7,'1_学習WBS'!$H$3:$H$21,"○") | D7: =COUNTIFS('1_学習WBS'!$B$3:$B$21,$A7,'1_学習WBS'!$H$3:$H$21,"△") | E7: =COUNTIFS('1_学習WBS'!$B$3:$B$21,$A7,'1_学習WBS'!$H$3:$H$21,"×") | F7: =IF(B7=0,"",ROUND(C7/B7*100,0)&" %")
A8: J テスト | B8: =COUNTIF('1_学習WBS'!$B$3:$B$21,$A8) | C8: =COUNTIFS('1_学習WBS'!$B$3:$B$21,$A8,'1_学習WBS'!$H$3:$H$21,"○") | D8: =COUNTIFS('1_学習WBS'!$B$3:$B$21,$A8,'1_学習WBS'!$H$3:$H$21,"△") | E8: =COUNTIFS('1_学習WBS'!$B$3:$B$21,$A8,'1_学習WBS'!$H$3:$H$21,"×") | F8: =IF(B8=0,"",ROUND(C8/B8*100,0)&" %")
A9: 合計 / 全体 | B9: =SUM(B3:B8) | C9: =SUM(C3:C8) | D9: =SUM(D3:D8) | E9: =SUM(E3:E8) | F9: =IF(B9=0,"",ROUND(C9/B9*100,0)&" %")
A11: 実施合計時間（分） | B11: =SUM('1_学習WBS'!$F$3:$F$21)
A12: ○ のみの合計時間（分） | B12: =SUMIFS('1_学習WBS'!$F$3:$F$21,'1_学習WBS'!$H$3:$H$21,"○")

Sheet 3_実機記録
A1: 実機記録（伝票番号・数値・証跡）— 講師の確認対象
A2: # | B2: 記録項目 | C2: 期待値・見方 | D2: 実測値 / 伝票番号 | E2: 実施日 | F2: 証跡メモ
A3: 1 | B3: MTO を走らせた証跡（受注番号） | C3: 在庫区分 E・MSKA に行があること
A4: 2 | B4: ETO を走らせた証跡（プロジェクト定義） | C4: 在庫区分 Q・MSPR に行があること
A5: 3 | B5: 両方の入庫（101）の比較メモ | C5: 101 の後、在庫がどこに入ったか（MSKA と MSPR）
A6: 4 | B6: 判別演習 8 問のスコア | C6: 8 問中 ___ 問
A7: 5 | B7: 能力测试 20 題のスコア | C7: 20 題中 15 問以上（75%）

Sheet 4_修了判定
A1: 修了判定（到達点チェックと講師確認）
A2: # | B2: 到達点（これが言えたら本教材は修了） | C2: チェック
A3: 1 | B3: 5 形態を「計画起点・库存区分・成本対象・請求方式」で言い分けられる
A4: 2 | B4: E の 4 点セットと Q の 4 点セットを、資料を見ずに言える
A5: 3 | B5: 在庫テーブル（MARD / MSKA / MSPR）を即答できる
A6: 4 | B6: 「CJI3 に収益が出ない」「入庫が自由在庫に入る」を 2 分で切り分けられる
A7: 5 | B7: VC が「生産形態ではなく構成エンジン」であることを説明できる
A8: 6 | B8: 能力测试（quiz.html）で 75% 以上（20 題中 15 問以上）
A10: 再受講が必要な分野（△ × のあったフェーズ）
A11: 講師所見
A12: 実施日 / 講師署名
